id,code,song,album
1,0123,Baby Shark,Baby Shark And More Kids Songs
2,0132,Five Little Ducks,Baby Shark And More Kids Songs
3,0213,How Many Fingers,Baby Shark And More Kids Songs
4,0231,The Ice Cream Song,Baby Shark And More Kids Songs
5,0312,This Is The Way,Baby Shark And More Kids Songs
6,0321,Five Little Speckled Frogs,Baby Shark And More Kids Songs
7,1023,Mr Golden Sun,Baby Shark And More Kids Songs
8,1032,Peekaboo,Baby Shark And More Kids Songs
9,1203,10 Little Dinosaurs,Baby Shark And More Kids Songs
10,1230,The Muffin Man,Baby Shark And More Kids Songs
11,1302,Apples & Bananas,Baby Shark And More Kids Songs
12,1320,Do You Like Pickle Pudding,Baby Shark And More Kids Songs
13,2013,Little Robin Redbreast,Baby Shark And More Kids Songs
14,2031,Yes I Can,Baby Shark And More Kids Songs
15,2103,Hickory Dickory...Crash,Baby Shark And More Kids Songs
16,2130,Do You Like Lasagna Milkshakes,Baby Shark And More Kids Songs
17,2301,Say Cheese,Baby Shark And More Kids Songs
18,2310,Eeny Meeny Miny Moe,Baby Shark And More Kids Songs
19,3012,10 Little Sailboats,Baby Shark And More Kids Songs
20,3021,What Do You Hear,Baby Shark And More Kids Songs
21,3102,Twinkle Twinkle Little Star,Twinkle Twinkle Little Star & More Kids Songs
22,3120,Little Snowflake,Twinkle Twinkle Little Star & More Kids Songs
23,3201,Sweet Dreams,Twinkle Twinkle Little Star & More Kids Songs
24,3210,Row Row Row Your Boat,Twinkle Twinkle Little Star & More Kids Songs
25,0011,The Alphabet Song,Twinkle Twinkle Little Star & More Kids Songs
26,0012,Skidamarink,Twinkle Twinkle Little Star & More Kids Songs
27,0013,BINGO,Twinkle Twinkle Little Star & More Kids Songs
28,0021,Five Little Monkeys,Twinkle Twinkle Little Star & More Kids Songs
29,0022,Ten In The Bed,Twinkle Twinkle Little Star & More Kids Songs
30,0023,Open Shut Them,Twinkle Twinkle Little Star & More Kids Songs
31,0031,Seven Steps,Twinkle Twinkle Little Star & More Kids Songs
32,0032,One Potato Two Potatoes,Twinkle Twinkle Little Star & More Kids Songs
33,0033,Counting Bananas,Twinkle Twinkle Little Star & More Kids Songs
34,0101,Good Morning Mr. Rooster,Twinkle Twinkle Little Star & More Kids Songs
35,0102,The Animals On The Farm,Twinkle Twinkle Little Star & More Kids Songs
36,0103,Count & Move,Twinkle Twinkle Little Star & More Kids Songs
37,0110,Count Down & Move,Twinkle Twinkle Little Star & More Kids Songs
38,0112,The Alphabet Chant,Twinkle Twinkle Little Star & More Kids Songs
39,0113,Days Of The Week,Twinkle Twinkle Little Star & More Kids Songs
40,0120,After A While Crocodile,Twinkle Twinkle Little Star & More Kids Songs
41,0121,Humpty Dumpty,Humpty Dumpty And More Kids Songs
42,0122,Pat-A-Cake,Humpty Dumpty And More Kids Songs
43,0130,Ten Little Fishies,Humpty Dumpty And More Kids Songs
44,0131,The Ants Go Marching,Humpty Dumpty And More Kids Songs
45,0133,Down By The Bay,Humpty Dumpty And More Kids Songs
46,0201,The Farmer In The Dell,Humpty Dumpty And More Kids Songs
47,0202,Jack & Jill,Humpty Dumpty And More Kids Songs
48,0203,A Sailor Went To Sea,Humpty Dumpty And More Kids Songs
49,0210,Alice The Camel,Humpty Dumpty And More Kids Songs
50,0211,Peanut Butter & Jelly,Humpty Dumpty And More Kids Songs
51,0212,Wind The Bobbin Up,Humpty Dumpty And More Kids Songs
52,0220,What Do You Like To Do,Humpty Dumpty And More Kids Songs
53,0221,The Alphabet Is So Much Fun,Humpty Dumpty And More Kids Songs
54,0223,Brush Your Teeth,Humpty Dumpty And More Kids Songs
55,0230,Ten Little Dinosaurs #2,Humpty Dumpty And More Kids Songs
56,0232,Take Me Out To The Ball Game,Humpty Dumpty And More Kids Songs
57,0233,I Like You,Humpty Dumpty And More Kids Songs
58,0301,Ten Little Tractors,Humpty Dumpty And More Kids Songs
59,0302,Rock Scissors Paper #3,Humpty Dumpty And More Kids Songs
60,0303,I Can't Remember The Words To This Song,Humpty Dumpty And More Kids Songs
61,0310,The Bath Song,The Bath Song & More Kids Songs
62,0311,Hello,The Bath Song & More Kids Songs
63,0313,If You're Happy,The Bath Song & More Kids Songs
64,0320,Old MacDonald,The Bath Song & More Kids Songs
65,0322,Put On Your Shoes,The Bath Song & More Kids Songs
66,0323,Make A Circle,The Bath Song & More Kids Songs
67,0330,The Pinocchio,The Bath Song & More Kids Songs
68,0331,One Little Finger,The Bath Song & More Kids Songs
69,0332,Rain Rain Go Away,The Bath Song & More Kids Songs
70,1001,The Wheels On The Bus,The Bath Song & More Kids Songs
71,1002,I See Something Blue,The Bath Song & More Kids Songs
72,1003,My Teddy Bear,The Bath Song & More Kids Songs
73,1010,Walking Walking,The Bath Song & More Kids Songs
74,1012,Mary Had A Kangaroo,The Bath Song & More Kids Songs
75,1013,I See Something Pink,The Bath Song & More Kids Songs
76,1020,Mystery Box,The Bath Song & More Kids Songs
77,1021,Clean Up,The Bath Song & More Kids Songs
78,1022,Head Shoulders Knees & Toes (Learn It),The Bath Song & More Kids Songs
79,1030,Head Shoulders Knees & Toes (Sing It),The Bath Song & More Kids Songs
80,1031,See You Later Alligator,The Bath Song & More Kids Songs
81,1033,Do You Like Broccoli Ice Cream,Do You Like Broccoli Ice Cream & More Kids Songs
82,1100,The Itsy Bitsy Spider,Do You Like Broccoli Ice Cream & More Kids Songs
83,1102,Hello Hello,Do You Like Broccoli Ice Cream & More Kids Songs
84,1103,Walking In The Jungle,Do You Like Broccoli Ice Cream & More Kids Songs
85,1120,Who Took The Cookie,Do You Like Broccoli Ice Cream & More Kids Songs
86,1122,Do You Like Spaghetti Yogurt,Do You Like Broccoli Ice Cream & More Kids Songs
87,1123,Rock Scissors Paper #1,Do You Like Broccoli Ice Cream & More Kids Songs
88,1130,The Shape Song #1,Do You Like Broccoli Ice Cream & More Kids Songs
89,1132,I Have A Pet,Do You Like Broccoli Ice Cream & More Kids Songs
90,1133,Head Shoulders Knees & Toes (Speeding Up),Do You Like Broccoli Ice Cream & More Kids Songs
91,1200,Let's Go To The Zoo,Do You Like Broccoli Ice Cream & More Kids Songs
92,1201,Hide & Seek,Do You Like Broccoli Ice Cream & More Kids Songs
93,1202,The Shape Song #2,Do You Like Broccoli Ice Cream & More Kids Songs
94,1210,Wag Your Tail,Do You Like Broccoli Ice Cream & More Kids Songs
95,1212,We All Fall Down,Do You Like Broccoli Ice Cream & More Kids Songs
96,1213,10 Little Airplanes,Do You Like Broccoli Ice Cream & More Kids Songs
97,1220,Rock Scissors Paper #2,Do You Like Broccoli Ice Cream & More Kids Songs
98,1221,How's The Weather,Do You Like Broccoli Ice Cream & More Kids Songs
99,1223,Uh-huh,Do You Like Broccoli Ice Cream & More Kids Songs
100,1231,Bye Bye Goodbye,Do You Like Broccoli Ice Cream & More Kids Songs
101,1232,
102,1233,
103,1300,
104,1301,
105,1303,
106,1310,
107,1312,
108,1313,
109,1321,
110,1322,
111,1323,
112,1330,
113,1331,
114,1332,
115,2001,
116,2002,
117,2003,
118,2010,
119,2011,
120,2012,
121,2020,
122,2021,
123,2023,
124,2030,
125,2032,
126,2033,
127,2100,
128,2101,
129,2102,
130,2110,
131,2112,
132,2113,
133,2120,
134,2121,
135,2123,
136,2131,
137,2132,
138,2133,
139,2200,
140,2201,
141,2203,
142,2210,
143,2211,
144,2213,
145,2230,
146,2231,
147,2233,
148,2300,
149,2302,
150,2303,
151,2311,
152,2312,
153,2313,
154,2320,
155,2321,
156,2323,
157,2330,
158,2331,
159,2332,
160,3001,
161,3002,
162,3003,
163,3010,
164,3011,
165,3013,
166,3020,
167,3022,
168,3023,
169,3030,
170,3031,
171,3032,
172,3100,
173,3101,
174,3103,
175,3110,
176,3112,
177,3113,
178,3121,
179,3122,
180,3123,
181,3130,
182,3131,
183,3132,
184,3200,
185,3202,
186,3203,
187,3211,
188,3212,
189,3213,
190,3220,
191,3221,
192,3223,
193,3230,
194,3231,
195,3232,
196,3300,
197,3301,
198,3302,
199,3310,
200,3311,
201,3312,
202,3320,
203,3321,
204,3322,
205,0001,
206,0002,
207,0003,
208,0010,
209,0020,
210,0030,
211,0100,
212,0111,
213,0200,
214,0222,
215,0300,
216,0333,
217,1000,
218,1011,
219,1101,
220,1110,
221,1112,
222,1113,
223,1121,
224,1131,
225,1211,
226,1222,
227,1311,
228,1333,
229,2000,
230,2022,
231,2111,
232,2122,
233,2202,
234,2212,
235,2220,
236,2221,
237,2223,
238,2232,
239,2322,
240,2333,
241,3000,
242,3033,
243,3111,
244,3133,
245,3222,
246,3233,
247,3303,
248,3313,
249,3323,
250,3330,
251,3331,
252,3332,
253,0000,
254,1111,
255,2222,
256,3333,
